{"cameraMode":{"drawMode":0,"name":"Shaded","section":"Shading Mode"},"sceneLighting":false,"audioPlay":false,"sceneViewState":{"showFog":true,"showMaterialUpdate":false,"showSkybox":false,"showFlares":true,"showImageEffects":true,"showParticleSystems":true},"in2DMode":false,"pivot":{"x":9.811145782470704,"y":1.4463050365447999,"z":-2.550609588623047},"rotation":{"x":0.028010763227939607,"y":0.9713948965072632,"z":-0.14861060678958894,"w":0.1830950677394867},"size":10.0,"orthographic":false}